Date,Feedback by customer,Feedback
07-11-2024,The staff was very polite and professional.,
22-05-2024,I had to wait too long in the queue for my turn.,
22-04-2024,The counter services were smooth and hassle-free.,
17-04-2024,There was no proper guidance on how to send a parcel.,
19-06-2024,The employees seemed overwhelmed more counters should be open.,
24-09-2024,Service speed was excellent! Got everything done in under 10 minutes.,
06-06-2024,The counter staff was rude and unhelpful.,
14-03-2024,"My parcel arrived on time, and the tracking system worked perfectly.",
23-11-2024,The packaging service at the counter was very useful.,
23-02-2024,I faced difficulties sending an international package.,
10-04-2024,"The delivery was delayed by two days, causing inconvenience.",
02-01-2024,It was easy to track my parcel throughout the process.,
12-01-2024,There were issues with the address label on my parcel.,
28-10-2024,The parcel I sent was damaged during transit.,
14-05-2024,Opening a savings account was quick and straightforward.,
22-04-2024,The staff explained the investment options clearly.,
12-02-2024,The withdrawal process took too long due to system downtime.,
27-04-2024,The passbook printing machine was out of service for an entire week.,
27-07-2024,I found it difficult to understand the interest calculation.,
14-07-2024,There should be more transparency in fixed deposit plans.,
26-08-2024,The post office is a great alternative to banks for financial services.,
10-01-2024,Getting details about insurance policies was easy and informative.,
21-10-2024,The claims process took longer than expected.,
23-09-2024,I didn’t understand the terms of the policy explained to me.,
17-05-2024,I was happy with the guidance provided for my insurance claim.,
01-06-2024,The health insurance services need to be more inclusive.,
02-11-2024,There should be a dedicated team for insurance-related queries.,
18-05-2024,Paying bills through the post office was convenient.,
17-02-2024,Money orders should be processed faster.,
25-10-2024,The counter was not equipped for online payment methods.,
03-04-2024,There was a technical error while processing my utility bill payment.,
31-08-2024,I appreciate the availability of multiple payment options.,
22-05-2024,The staff was unable to assist with online payment issues.,
26-05-2024,There should be a dedicated counter for bill payments.,
23-10-2024,The Aadhaar update process was smooth and quick.,
01-04-2024,Passport application services were helpful and efficient.,
17-04-2024,It was difficult to get the right form for my government certificate.,
11-04-2024,The queue for citizen services was not properly managed.,
27-04-2024,More digital options should be available for citizen services.,
02-04-2024,The staff helped me resolve my documentation issues efficiently.,
22-05-2024,The tracking system on the website is user-friendly.,
29-04-2024,The website is slow and often crashes during peak hours.,
26-10-2024,I couldn't find proper guidance on the online portal.,
22-07-2024,It would be great to have a mobile app for post office services.,
20-07-2024,Digital payment options are a great addition to the post office.,
15-11-2024,The token system for managing queues was very helpful.,
11-03-2024,"My parcel was misplaced, and I didn’t get any updates.",
27-01-2024,"The staff resolved my complaint promptly, which I appreciate.",
30-10-2024,There should be better communication channels for complaints.,
18-10-2024,The issue I reported took too long to get resolved.,
