Date,Feedback by customer,Feedback,Sentiment
07-11-2024,The staff was very polite and professional.,,Neutral
22-05-2024,I had to wait too long in the queue for my turn.,,Neutral
22-04-2024,The counter services were smooth and hassle-free.,,Neutral
17-04-2024,There was no proper guidance on how to send a parcel.,,Neutral
19-06-2024,The employees seemed overwhelmed more counters should be open.,,Neutral
24-09-2024,Service speed was excellent! Got everything done in under 10 minutes.,,Neutral
06-06-2024,The counter staff was rude and unhelpful.,,Neutral
14-03-2024,"My parcel arrived on time, and the tracking system worked perfectly.",,Neutral
23-11-2024,The packaging service at the counter was very useful.,,Neutral
23-02-2024,I faced difficulties sending an international package.,,Neutral
10-04-2024,"The delivery was delayed by two days, causing inconvenience.",,Neutral
02-01-2024,It was easy to track my parcel throughout the process.,,Neutral
12-01-2024,There were issues with the address label on my parcel.,,Neutral
28-10-2024,The parcel I sent was damaged during transit.,,Neutral
14-05-2024,Opening a savings account was quick and straightforward.,,Neutral
22-04-2024,The staff explained the investment options clearly.,,Neutral
12-02-2024,The withdrawal process took too long due to system downtime.,,Neutral
27-04-2024,The passbook printing machine was out of service for an entire week.,,Neutral
27-07-2024,I found it difficult to understand the interest calculation.,,Neutral
14-07-2024,There should be more transparency in fixed deposit plans.,,Neutral
26-08-2024,The post office is a great alternative to banks for financial services.,,Neutral
10-01-2024,Getting details about insurance policies was easy and informative.,,Neutral
21-10-2024,The claims process took longer than expected.,,Neutral
23-09-2024,I didnt understand the terms of the policy explained to me.,,Neutral
17-05-2024,I was happy with the guidance provided for my insurance claim.,,Neutral
01-06-2024,The health insurance services need to be more inclusive.,,Neutral
02-11-2024,There should be a dedicated team for insurance-related queries.,,Neutral
18-05-2024,Paying bills through the post office was convenient.,,Neutral
17-02-2024,Money orders should be processed faster.,,Neutral
25-10-2024,The counter was not equipped for online payment methods.,,Neutral
03-04-2024,There was a technical error while processing my utility bill payment.,,Neutral
31-08-2024,I appreciate the availability of multiple payment options.,,Neutral
22-05-2024,The staff was unable to assist with online payment issues.,,Neutral
26-05-2024,There should be a dedicated counter for bill payments.,,Neutral
23-10-2024,The Aadhaar update process was smooth and quick.,,Neutral
01-04-2024,Passport application services were helpful and efficient.,,Neutral
17-04-2024,It was difficult to get the right form for my government certificate.,,Neutral
11-04-2024,The queue for citizen services was not properly managed.,,Neutral
27-04-2024,More digital options should be available for citizen services.,,Neutral
02-04-2024,The staff helped me resolve my documentation issues efficiently.,,Neutral
22-05-2024,The tracking system on the website is user-friendly.,,Neutral
29-04-2024,The website is slow and often crashes during peak hours.,,Neutral
26-10-2024,I couldn't find proper guidance on the online portal.,,Neutral
22-07-2024,It would be great to have a mobile app for post office services.,,Neutral
20-07-2024,Digital payment options are a great addition to the post office.,,Neutral
15-11-2024,The token system for managing queues was very helpful.,,Neutral
11-03-2024,"My parcel was misplaced, and I didnt get any updates.",,Neutral
27-01-2024,"The staff resolved my complaint promptly, which I appreciate.",,Neutral
30-10-2024,There should be better communication channels for complaints.,,Neutral
18-10-2024,The issue I reported took too long to get resolved.,,Neutral
